Name,Email,University_ID,Research Area,Recent Papers
Christopher Bennett,N/A,I97018004,"Mathematics, Statistics, Geography, Plot (graphics), Computer science, Biology, Genetics, Ecology, Reproduction, Medicine, Virology",
M Snyder,N/A,I97018004,"Computer science, Biology, Genetics, Chemistry, Biochemistry, Medicine, Gene, Internal medicine, Computational biology",
John P. A. Ioannidis,N/A,I97018004,"Medicine, Biology, Pathology, Internal medicine, Mathematics, Computer science, Chemistry, Statistics, Political science, Law, Biochemistry, Psychology, Genetics, Surgery, Economics, Meta-analysis, MEDLINE, Psychiatry",
Barry M. Trost,N/A,I97018004,"Chemistry, Organic chemistry, Biology, Biochemistry, Catalysis, Combinatorial chemistry, Stereochemistry, Materials science, Medicinal chemistry, Computer science, Physics, Palladium, Enantioselective synthesis",
M. Vidal Marono,N/A,I97018004,"Physics, Particle physics, Nuclear physics, Quantum mechanics, Large Hadron Collider, Astronomy, Astrophysics, Quark, Mathematics, Geography, Materials science, History, Archaeology, Galaxy, Metallurgy, Luminosity, Gauge (firearms), Standard Model (mathematical formulation), Electron, Lepton, Engineering, Computer science, Economics, Higgs boson, Boson",
Lei Xing,N/A,I97018004,"Medicine, Computer science, Physics, Radiology, Artificial intelligence, Internal medicine, Mathematics, Engineering, Optics, Biology, Surgery, Nuclear medicine, Computer vision, Quantum mechanics, Radiation therapy, Chemistry, Psychology, Genetics, Algorithm",
Yi Liu,N/A,I97018004,"Chemistry, Physics, Materials science, Organic chemistry, Quantum mechanics, Engineering, Biology, Biochemistry, Composite material, Computer science, Nanotechnology, Chemical engineering, Crystallography, Optoelectronics, Optics, Metallurgy, Medicine, Thermodynamics, Physical chemistry, Electrical engineering, Genetics, Nuclear magnetic resonance",
Scott Fendorf,N/A,I97018004,"Computer science, Geography, Environmental science, Biology, Chemistry, Organic chemistry, Geology, Materials science, Metallurgy",
Y. Yamamoto,N/A,I97018004,"Physics, Quantum mechanics, Materials science, Engineering, Optics, Computer science, Optoelectronics, Chemistry, Electrical engineering, Biology, Mathematics, Condensed matter physics, Laser, Quantum, Organic chemistry",
Richard N. Zare,N/A,I97018004,"Chemistry, Physics, Quantum mechanics, Organic chemistry, Biology, Materials science, Engineering, Optics, Chromatography, Atomic physics, Computer science, Environmental chemistry, Biochemistry, Physical chemistry, Mathematics, Astronomy, Nuclear physics, Analytical Chemistry (journal), Ion, Thermodynamics, Composite material",
Esther M. John,N/A,I97018004,"Medicine, Biology, Genetics, Internal medicine, Cancer, Oncology, Breast cancer, Chemistry, Biochemistry, Pathology, Gene, Sociology, Demography, Mathematics, Statistics, Environmental health, Population, Computer science, Genotype, Surgery, Single-nucleotide polymorphism, Gynecology",
Michael T. Longaker,N/A,I97018004,"Medicine, Biology, Genetics, Chemistry, Biochemistry, Internal medicine, Surgery, Cell biology, Pathology, Anatomy, Immunology, Gene, Endocrinology, In vitro, Wound healing, Cancer research",
Nathanael S. Gray,N/A,I97018004,"Biology, Genetics, Chemistry, Biochemistry, Medicine, Internal medicine, Cell biology, Cancer research, Gene, Kinase, Cancer, Signal transduction, Phosphorylation, Receptor, Physics, Immunology, Organic chemistry, Pathology, Apoptosis, Computational biology, Nuclear magnetic resonance",
Sanjiv S. Gambhir,N/A,I97018004,"Biology, Medicine, Genetics, Chemistry, Internal medicine, Biochemistry, Physics, Radiology, Cancer research, Nuclear medicine, Psychology, Pathology, Biotechnology, Gene, Cancer, In vivo, Immunology, Neuroscience, Positron emission tomography, Computer science",
Irving L. Weissman,N/A,I97018004,"Biology, Genetics, Medicine, Chemistry, Biochemistry, Cell biology, Internal medicine, Immunology, Gene, Stem cell, Pathology, Cancer research, Immune system, Haematopoiesis, Cell, Progenitor cell, In vitro, Antibody, Antigen, Molecular biology, Receptor",
Ming Chen,N/A,I97018004,Computer science,
Scott Rozelle,N/A,I97018004,"Political science, Law, Geography, History, Archaeology, China, Economics, Biology, Business, Medicine, Ecology, Economic growth, Sociology, Psychology, Mathematics, Computer science, Agriculture, Philosophy, Pathology, Macroeconomics, Agricultural economics, Microeconomics, Market economy",
Kabir Peay,N/A,I97018004,"Computer science, Database, Environmental science",
Joseph C. Wu,N/A,I97018004,"Biology, Medicine, Genetics, Chemistry, Biochemistry, Internal medicine, Gene, Cell biology, Embryonic stem cell, Cardiology, Stem cell, Induced pluripotent stem cell, Pathology, Psychology, Surgery, Endocrinology",
Benjamín Britten,N/A,I97018004,"Art, History, Physics, Art history, Computer science, Philosophy, Acoustics, Literature",
Ronald K. Hanson,N/A,I97018004,"Physics, Materials science, Quantum mechanics, Engineering, Chemistry, Organic chemistry, Thermodynamics, Optics, Aerospace engineering, Mechanics, Laser, Composite material, Chromatography, Environmental chemistry, Analytical Chemistry (journal), Acoustics, Shock wave, Physical chemistry, Absorption (acoustics), Shock tube, Optoelectronics, Astronomy, Biology, Geography, Combustion",
Anthony D. Ho,N/A,I97018004,"Medicine, Biology, Genetics, Internal medicine, Immunology, Pathology, Chemistry, Biochemistry, Surgery, Cell biology, Stem cell, Cancer research, Chemotherapy, Oncology, Gene, Transplantation, Gastroenterology",
Luı́s de Lecea,N/A,I97018004,"Psychology, Medicine, Biology, Neuroscience, Internal medicine, Chemistry, Computer science, Biochemistry, Genetics, Psychiatry, Endocrinology, Receptor",
Glade Dlott,N/A,I97018004,"Computer science, Database",
Zhenan Bao,N/A,I97018004,"Materials science, Physics, Chemistry, Engineering, Quantum mechanics, Organic chemistry, Nanotechnology, Composite material, Electrical engineering, Optoelectronics, Physical chemistry, Biology, Computer science, Electrode, Chemical engineering, Nuclear magnetic resonance, Voltage, Polymer, Transistor, Thermodynamics, Layer (electronics), Medicine, Optics, Mathematics, Biochemistry",
Rodney C. Ewing,N/A,I97018004,"Chemistry, Physics, Materials science, Organic chemistry, Quantum mechanics, Engineering, Nuclear physics, Metallurgy, Geology, Biology, Crystallography, Optics, Composite material, Chemical engineering, Paleontology, Ion, Nuclear chemistry, Mineralogy, Geochemistry, Irradiation, Nanotechnology, Phase (matter), Thermodynamics, Environmental chemistry, Chromatography",
Stanley J. Brodsky,N/A,I97018004,"Physics, Quantum mechanics, Particle physics, Nuclear physics, Quantum chromodynamics, Mathematics, Hadron, Quark, Mathematical physics, Optics, Atomic physics, Computer science, Engineering, Quantum electrodynamics, Scattering",
Ronald Levy,N/A,I97018004,"Medicine, Biology, Genetics, Internal medicine, Immunology, Chemistry, Biochemistry, Pathology, Antibody, Lymphoma, Immune system, Antigen, Cancer research, Cancer, Monoclonal antibody, Gene, Surgery, In vitro",
Brandon De La Cuesta,N/A,I97018004,"Computer science, Mathematics, Biology, Statistics, Medicine, Replication (statistics), Virology, Economics, Microeconomics, Conjoint analysis, Preference, Mathematical analysis, Distribution (mathematics), Psychology",
M. M. Fejer,N/A,I97018004,"Physics, Quantum mechanics, Optics, Materials science, Optoelectronics, Engineering, Computer science, Laser, Electrical engineering, Chemistry, Telecommunications, Organic chemistry, Mathematics, Wavelength, Nonlinear system, Lithium niobate, Nonlinear optics, Electronic engineering, Composite material, Thermodynamics, Computer network, Statistics",
William H. Robinson,N/A,I97018004,"Biology, Medicine, Genetics, Immunology, Internal medicine, Chemistry, Biochemistry, Pathology, Antibody, Ecology, Gene",
Paul A. Heidenreich,N/A,I97018004,"Medicine, Internal medicine, Cardiology, Biology, Heart failure, Pathology, Psychology, Mathematics, Surgery, Political science, Statistics, Law, Psychiatry, Emergency medicine, Economics, Intensive care medicine, Endocrinology, Computer science, Physics, Radiology",
Gregory W. Albers,N/A,I97018004,"Medicine, Internal medicine, Physics, Engineering, Cardiology, Thermodynamics, Mechanical engineering, Aerospace engineering, Stroke (engine), Psychology, Psychiatry, Surgery, Radiology, Pathology, Biology, Ischemia, Mathematics, Statistics, Perfusion, Chemistry, Ischemic stroke, Biochemistry, Myocardial infarction, Computer science, Perfusion scanning",
Robert Tibshirani,N/A,I97018004,"Computer science, Mathematics, Statistics, Biology, Medicine, Internal medicine, Genetics, Chemistry, Artificial intelligence, Machine learning, Pathology, Physics, Biochemistry, Psychology, Programming language, Economics",
Edward I. Solomon,N/A,I97018004,"Chemistry, Organic chemistry, Physics, Materials science, Biology, Quantum mechanics, Biochemistry, Crystallography, Metallurgy, Nuclear magnetic resonance, Stereochemistry, Medicine, Genetics, Catalysis, Enzyme, Photochemistry, Inorganic chemistry, Optics, Internal medicine, Copper, Computational chemistry, Computer science, Astronomy",
Arthur Grossman,N/A,I97018004,"Computer science, Biology, Chemistry, Biochemistry, Genetics, Gene, Botany",
Jonathan Myers,N/A,I97018004,"Medicine, Internal medicine, Biology, Cardiology, Physical therapy, Endocrinology, Pathology, Psychology, Mathematics, Radiology, Statistics, Blood pressure, Psychiatry, Physiology, Heart failure, Surgery, Heart rate, Physical medicine and rehabilitation, Physics, Sociology, Computer science",
Lü Tian,N/A,I97018004,"Medicine, Biology, Internal medicine, Computer science, Pathology, Mathematics, Statistics, Psychology, Genetics, Surgery, Chemistry, Physics, Biochemistry, Artificial intelligence, Psychiatry, Economics, Machine learning",
Gary M. Shaw,N/A,I97018004,"Medicine, Biology, Genetics, Internal medicine, Pregnancy, Pathology, Mathematics, Chemistry, Environmental health, Statistics, Sociology, Demography, Obstetrics, Biochemistry, Population, Pediatrics, Computer science, Surgery, Endocrinology, Odds ratio, Gene, Fetus",
Robert L. Byer,N/A,I97018004,"Physics, Quantum mechanics, Optics, Materials science, Engineering, Laser, Optoelectronics, Computer science, Electrical engineering, Chemistry, Mathematics, Astronomy, Telecommunications, Wavelength, Organic chemistry, Thermodynamics",
Leland W.K. Chung,N/A,I97018004,"Medicine, Internal medicine, Biology, Genetics, Chemistry, Biochemistry, Cancer, Pathology, Cancer research, Prostate cancer, Gene, Immunology, Prostate, Cell biology, Metastasis, Endocrinology, Cancer cell",
Quynh‐Thu Le,N/A,I97018004,"Medicine, Internal medicine, Biology, Genetics, Surgery, Radiology, Radiation therapy, Cancer, Pathology, Chemistry, Oncology, Biochemistry, Physics, Immunology, Cancer research, Head and neck cancer, Gene, Mathematics",
R. D. Blandford,N/A,I97018004,"Physics, Astrophysics, Quantum mechanics, Astronomy, Galaxy, Computer science, Optics, Nuclear physics, Engineering, Computer vision, Stars, Mathematics, Redshift, Condensed matter physics, Classical mechanics",
David A. B. Miller,N/A,I97018004,"Physics, Quantum mechanics, Optics, Materials science, Optoelectronics, Engineering, Computer science, Electrical engineering, Chemistry, Electronic engineering, Laser, Telecommunications, Mathematics, Organic chemistry, Condensed matter physics, Composite material, Quantum well",
Mark M. Davis,N/A,I97018004,"Biology, Medicine, Genetics, Chemistry, Immunology, Biochemistry, Internal medicine, Immune system, Gene, Antigen, T cell, Pathology, Cell biology, Physics, Antibody, Computer science, T-cell receptor",
James J. Gross,N/A,I97018004,"Psychology, Medicine, Psychiatry, Biology, Social psychology, Computer science, Neuroscience, Clinical psychology, Developmental psychology, Philosophy, Cognitive psychology, Cognition, Psychotherapist, Sociology, Mathematics, Political science, Internal medicine, Law, Epistemology, Economics, Physics",
Gary W. Cox,N/A,I97018004,"Computer science, Political science, Law, Politics, Geography, Mathematics, Biology, History, Statistics, Economics, Medicine, Archaeology, Philosophy, Replication (statistics), Virology",
Richard Bellman,N/A,I97018004,"Mathematics, Computer science, Physics, Mathematical analysis, Quantum mechanics, Applied mathematics, Economics, Engineering, Biology, Medicine, Mathematical optimization",
Russ B. Altman,N/A,I97018004,"Biology, Computer science, Genetics, Chemistry, Biochemistry, Medicine, Gene, Computational biology, Physics, Artificial intelligence, Bioinformatics, Internal medicine, Mathematics, Psychology, Engineering",
Hyun Soo Kim,N/A,I97018004,"Medicine, Biology, Internal medicine, Genetics, Pathology, Chemistry, Biochemistry, Surgery, Cancer, Immunology, Gene, Endocrinology, Cancer research, Radiology, Physics",
Jack L. Goldsmith,N/A,I136199984,"Political science, Law, Philosophy, Linguistics, Epistemology, Statement (logic), Business, Economics, Computer science, Database, Biology, Finance, Biotechnology, Executive summary, Agreement, Geography, History, Accounting, Archaeology, Library science, Management",
George Lauder,N/A,I136199984,"Biology, Computer science, Fishery, Fish <Actinopterygii>, Environmental science, Trout",
Christopher J. McDougle,N/A,I136199984,"Psychology, Medicine, Biology, Computer science, Psychiatry, Internal medicine",
Edward L. Giovannucci,N/A,I136199984,"Medicine, Internal medicine, Biology, Genetics, Cancer, Pathology, Mathematics, Statistics, Chemistry, Oncology, Biochemistry, Endocrinology, Surgery, Colorectal cancer, Confidence interval, Prospective cohort study, Gene, Sociology, Environmental health",
B Bernstein,N/A,I136199984,Computer science,
Andrew T. Chan,N/A,I136199984,"Medicine, Biology, Internal medicine, Genetics, Cancer, Chemistry, Biochemistry, Colorectal cancer, Pathology, Mathematics, Oncology, Statistics, Surgery, Gene, Computer science, Endocrinology, Gastroenterology, Confidence interval",
Kosuke Imai,N/A,I136199984,"Computer science, Mathematics, Statistics, Medicine, Biology, Economics, Replication (statistics), Virology",
Carlos A. Camargo,N/A,I136199984,"Medicine, Internal medicine, Biology, Psychology, Psychiatry, Pathology, Immunology, Mathematics, Statistics, Nursing, Surgery, Emergency department, Emergency medicine, Genetics, Pediatrics, Asthma, Chemistry, Endocrinology, Sociology, Environmental health, Biochemistry, Political science, Law, Medical emergency, Computer science",
Patrick Y. Wen,N/A,I136199984,"Medicine, Biology, Internal medicine, Genetics, Cancer research, Oncology, Pathology, Chemistry, Surgery, Biochemistry, Radiology, Glioma, Glioblastoma, Chemotherapy, Cancer, Bioinformatics, Gene, Clinical trial, Psychology, Radiation therapy, Physics",
Richard M. Stone,N/A,I136199984,"Biology, Medicine, Internal medicine, Genetics, Immunology, Chemistry, Cancer research, Biochemistry, Myeloid leukemia, Leukemia, Pathology, Oncology, Gene, Surgery, Cell biology, Chemotherapy",
Rohit Kulkarni,N/A,I136199984,Computer science,
Gad Getz,N/A,I136199984,"Biology, Genetics, Medicine, Chemistry, Internal medicine, Biochemistry, Gene, Cancer, Cancer research, Immunology, Computational biology, Pathology, Mutation, Oncology, Computer science",
David C. Christiani,N/A,I136199984,"Medicine, Biology, Internal medicine, Genetics, Chemistry, Pathology, Biochemistry, Mathematics, Gene, Oncology, Statistics, Lung cancer, Environmental health, Genotype, Surgery, Philosophy, Computer science, Cancer, Organic chemistry",
Keith T. Flaherty,N/A,I136199984,"Medicine, Biology, Genetics, Internal medicine, Cancer research, Chemistry, Biochemistry, Cancer, Melanoma, Oncology, Gene, Cell biology, Pathology, Surgery, Immunology, Signal transduction, Kinase, Phosphorylation, Bioinformatics, Pharmacology, Metastatic melanoma",
Peter Kraft,N/A,I136199984,"Biology, Genetics, Medicine, Internal medicine, Chemistry, Biochemistry, Gene, Cancer, Genotype, Pathology, Single-nucleotide polymorphism, Oncology, Genome-wide association study, Mathematics, Statistics, Computer science, Sociology, Breast cancer, Endocrinology, Demography, Genetic association",
Ronald C. Kessler,N/A,I136199984,"Psychology, Medicine, Psychiatry, Clinical psychology, Psychotherapist, Pathology, Internal medicine, Environmental health, Sociology, Mental health, Biology, Demography, Anxiety, Nursing, Population, Economics, Mathematics, Political science, Computer science, Law, Statistics, Epidemiology, Social psychology, Comorbidity, Public health",
Soldano Ferrone,N/A,I136199984,"Medicine, Biology, Genetics, Immunology, Chemistry, Antigen, Biochemistry, Internal medicine, Cancer research, Immune system, Antibody, Cancer, Molecular biology, In vitro, Gene, Human leukocyte antigen, Monoclonal antibody, Melanoma, Pathology, Cytotoxic T cell, Cell biology",
Susan Redline,N/A,I136199984,"Medicine, Biology, Internal medicine, Psychology, Psychiatry, Pathology, Computer science, Neuroscience, Anesthesia, Cardiology, Endocrinology, Programming language, Mathematics, Statistics, Operating system, Sleep (system call), Sociology, Apnea, Genetics, Obstructive sleep apnea, Chemistry, Electroencephalography, Demography, Polysomnography, Biochemistry",
E. J. Corey,N/A,I136199984,"Chemistry, Organic chemistry, Biology, Biochemistry, Stereochemistry, Catalysis, Combinatorial chemistry, Computer science, Physics, Materials science, Enantioselective synthesis, Medicine, Political science, Law",
Nikhil C. Munshi,N/A,I136199984,"Biology, Medicine, Genetics, Internal medicine, Immunology, Chemistry, Biochemistry, Multiple myeloma, Cancer research, Pathology, Gene, Cell biology, Oncology, Cancer, Apoptosis, Molecular biology, Surgery, Endocrinology, In vitro, Bone marrow",
George M. Whitesides,N/A,I136199984,"Chemistry, Physics, Materials science, Organic chemistry, Biology, Quantum mechanics, Nanotechnology, Biochemistry, Engineering, Computer science, Composite material, Physical chemistry, Thermodynamics, Medicine, Nuclear magnetic resonance",
Bernard Rosner,N/A,I136199984,"Medicine, Internal medicine, Biology, Pathology, Mathematics, Genetics, Statistics, Endocrinology, Chemistry, Surgery, Cancer, Confidence interval, Biochemistry, Psychology, Sociology, Computer science, Demography, Physics, Oncology, Breast cancer, Prospective cohort study",
Matcheri S. Keshavan,N/A,I136199984,"Psychology, Medicine, Psychiatry, Biology, Computer science, Neuroscience, Programming language, Schizophrenia (object-oriented programming), Internal medicine, Cognition, Psychosis, Clinical psychology, Endocrinology, Radiology, Pathology, Chemistry, Genetics, Biochemistry, Social psychology",
Lewis C. Cantley,N/A,I136199984,"Biology, Genetics, Chemistry, Biochemistry, Medicine, Internal medicine, Cell biology, Gene, Physics, Organic chemistry, Signal transduction, Cancer, Nuclear magnetic resonance, Phosphorylation, Cancer research, Enzyme, Kinase, Apoptosis, Endocrinology, Receptor, PI3K/AKT/mTOR pathway, Pathology",
Joel Schwartz,N/A,I136199984,"Medicine, Biology, Internal medicine, Mathematics, Statistics, Chemistry, Environmental health, Pathology, Sociology, Demography, Organic chemistry, Ecology, Physics, Geography, Population, Genetics, Computer science, Psychology, Environmental science, Confidence interval, Air pollution, Surgery, Psychiatry, Endocrinology, Meteorology",
Federico Capasso,N/A,I136199984,"Physics, Quantum mechanics, Materials science, Optics, Optoelectronics, Engineering, Chemistry, Electrical engineering, Laser, Computer science, Chemical engineering, Chromatography, Cascade, Quantum, Condensed matter physics, Organic chemistry, Wavelength, Nanotechnology, Composite material, Telecommunications, Mathematics, Terahertz radiation, Semiconductor, Quantum cascade laser",
Zhi,N/A,I136199984,"Chemistry, Biology, Physics, Organic chemistry, Medicine, Biochemistry, Materials science, Genetics, Engineering, Quantum mechanics, Computer science, Internal medicine, Composite material",
Jon Clardy,N/A,I136199984,"Chemistry, Biology, Biochemistry, Organic chemistry, Stereochemistry, Genetics, Geology, Computer science, Medicine, Paleontology, Botany, Physics",
Charles A. Nelson,N/A,I136199984,"Psychology, Medicine, Biology, Physics, Psychiatry, Developmental psychology, Neuroscience, Quantum mechanics, Mathematics, Particle physics, Nuclear physics, Computer science, Philosophy, Cognition",
Hao,N/A,I136199984,"Biology, Medicine, Chemistry, Genetics, Biochemistry, Internal medicine, Gene, Organic chemistry, Pathology, Physics",
Eugene Braunwald,N/A,I136199984,"Medicine, Internal medicine, Cardiology, Psychology, Psychiatry, Myocardial infarction, Biology, Computer science, Chemistry, Surgery, Biochemistry, Pathology, Percutaneous coronary intervention, Conventional PCI, Endocrinology, Library science, Editorial board, Thrombolysis, TIMI",
Stuart L. Schreiber,N/A,I136199984,"Chemistry, Biology, Biochemistry, Genetics, Medicine, Gene, Computer science, Internal medicine, Organic chemistry, Physics, Cell biology, Computational biology, Cancer research",
Mark M. Awad,N/A,I136199984,"Biology, Medicine, Internal medicine, Genetics, Oncology, Pathology, Chemistry, Biochemistry, Cancer, Cancer research, Lung cancer, Gene, Immunology, Mutation, Immune system, Immunotherapy, Surgery, Colorectal cancer, KRAS, Receptor, Mutant",
P. Giromini,N/A,I136199984,"Physics, Particle physics, Quantum mechanics, Nuclear physics, Large Hadron Collider, Mathematics, Geography, Quark, Tevatron, Astronomy, Hadron, Astrophysics, Materials science, Electron, Computer science, History, Archaeology, Lepton, Metallurgy, Geology, Gauge (firearms), Engineering, Standard Model (mathematical formulation), Boson, Biology",
Shuji Ogino,N/A,I136199984,"Medicine, Biology, Internal medicine, Genetics, Cancer, Colorectal cancer, Chemistry, Biochemistry, Oncology, Gene, Pathology, Mathematics, Statistics, Cancer research, Surgery, Computer science, Immunology",
David W. Bates,N/A,I136199984,"Medicine, Political science, Law, Economics, Computer science, Biology, Economic growth, Health care, Psychology, Internal medicine, Nursing, Pathology, Psychiatry, Medical emergency, Mathematics, Family medicine, Business, Statistics, Surgery, Pharmacology, Physics, Engineering, Emergency medicine",
Julie E. Buring,N/A,I136199984,"Medicine, Internal medicine, Biology, Pathology, Chemistry, Biochemistry, Genetics, Endocrinology, Mathematics, Statistics, Surgery, Psychology, Cancer, Psychiatry, Confidence interval, Oncology, Gene, Sociology, Disease, Demography, Genotype",
Lorelei A. Mucci,N/A,I136199984,"Medicine, Biology, Internal medicine, Genetics, Cancer, Prostate cancer, Oncology, Chemistry, Pathology, Biochemistry, Prostate, Mathematics, Statistics, Gene, Cancer research, Sociology, Endocrinology, Demography, Surgery, Psychology, Computer science",
David A. Weitz,N/A,I136199984,"Materials science, Physics, Chemistry, Engineering, Biology, Organic chemistry, Thermodynamics, Composite material, Quantum mechanics, Nanotechnology, Chemical engineering, Biochemistry, Computer science, Medicine, Genetics, Mathematics, Physical chemistry, Geology, Optics, Microfluidics, Nuclear magnetic resonance",
Henning Tiemeier,N/A,I136199984,"Medicine, Biology, Psychology, Internal medicine, Sociology, Psychiatry, Pathology, Genetics, Environmental health, Demography, Population, Mathematics, Statistics, Chemistry, Biochemistry, Neuroscience, Endocrinology, Developmental psychology, Clinical psychology, Pregnancy, Gene, Surgery, Cohort study, Psychotherapist",
Liang Wang,N/A,I136199984,"Medicine, Biology, Internal medicine, Genetics, Chemistry, Biochemistry, Pathology, Gene, Cancer research, Surgery, Immunology, Cancer, Psychology, Radiology, Physics, Cell biology, Oncology, Endocrinology",
Álvaro Pascual‐Leone,N/A,I136199984,"Psychology, Medicine, Biology, Neuroscience, Internal medicine, Psychiatry, Endocrinology, Stimulation, Transcranial magnetic stimulation, Cognition, Pathology, Computer science, Physical medicine and rehabilitation, Cognitive psychology, Audiology, Physics, Philosophy",
Wendy K. Chung,N/A,I136199984,"Biology, Medicine, Genetics, Chemistry, Biochemistry, Internal medicine, Gene, Pathology, Psychology, Mutation, Phenotype, Psychiatry",
Catherine J. Wu,N/A,I136199984,"Biology, Genetics, Medicine, Internal medicine, Immunology, Chemistry, Biochemistry, Cancer research, Immune system, Cancer, Gene, Pathology, Oncology, Immunotherapy, Antigen, Leukemia, Receptor, Cell biology, Surgery, Computer science",
Vinothan Manoharan,N/A,I136199984,"Computer science, Physics, Quantum mechanics, Optics, Materials science, Computer graphics (images), Medicine, Holography, Pathology, Microscopy, Digital holographic microscopy, Geology, Digital holography",
Andrea Baccarelli,N/A,I136199984,"Biology, Medicine, Chemistry, Genetics, Biochemistry, Internal medicine, Gene, Pathology, Gene expression, DNA methylation, DNA, Mathematics, Statistics, Endocrinology, Environmental health, Methylation, Epigenetics, Organic chemistry, Psychology, Sociology, Pregnancy",
Jerome Ritz,N/A,I136199984,"Medicine, Biology, Genetics, Internal medicine, Immunology, Pathology, Chemistry, Cell biology, Biochemistry, Surgery, Transplantation, Stem cell, Immune system, Disease, Antigen, Cancer research, Hematopoietic stem cell transplantation, In vitro, Gene, Antibody, Leukemia, T cell",
Martin Feldstein,N/A,I136199984,"Economics, Business, Political science, Law, Macroeconomics, Finance, Monetary economics, Market economy, Public economics, Computer science, Geography, History, Keynesian economics, Philosophy",
Brian M. Wolpin,N/A,I136199984,"Biology, Medicine, Genetics, Internal medicine, Cancer, Chemistry, Pancreatic cancer, Biochemistry, Oncology, Gene, Cancer research, Pathology, Colorectal cancer, Computer science, Surgery, Mutation, Database, Data mining, Table (database), Mathematics, KRAS",
